INSERT INTO genre(id, name) VALUES (1, 'Plataforma');
INSERT INTO genre(id, name) VALUES (2, 'Corrida');
INSERT INTO genre(id, name) VALUES (3, 'FPS');
INSERT INTO genre(id, name) VALUES (4, 'Ação-aventura');
INSERT INTO genre(id, name) VALUES (5, 'RPG');
INSERT INTO genre(id, name) VALUES (6, 'Simulação');


INSERT INTO platform(id, name) VALUES (1, 'NES');
INSERT INTO platform(id, name) VALUES (2, 'Game Boy Advance');
INSERT INTO platform(id, name) VALUES (3, 'Mega Drive');
INSERT INTO platform(id, name) VALUES (4, 'Wii U');
INSERT INTO platform(id, name) VALUES (5, 'Nintendo Switch');
INSERT INTO platform(id, name) VALUES (6, 'PC');
INSERT INTO platform(id, name) VALUES (7, 'Xbox One');
INSERT INTO platform(id, name) VALUES (8, 'Xbox Series S/X');
INSERT INTO platform(id, name) VALUES (9, 'Playstation 4');
INSERT INTO platform(id, name) VALUES (10, 'Playstation 5');
INSERT INTO platform(id, name) VALUES (11, 'Mobile');

INSERT INTO game(id, name, description, release_year, img_url, background_img_url, video_url) VALUES (1000, 'Super Mario Bros. 3', 'Super Mario Bros. 3 é um jogo eletrônico de plataforma da série Super Mario, desenvolvido pela Nintendo Entertainment Analysis & Development e publicado pela Nintendo para o console Nintendo Entertainment System (NES). Foi lançado no Japão em 23 de outubro de 1988, na América do Norte em 12 de fevereiro de 1990 e na Europa em 29 de agosto de 1991, e acompanha as aventuras dos encanadores Mario e Luigi que buscam resgatar a Princesa Cogumelo e os governantes dos sete reinos do antagonista Bowser.<br/><br/>Assim como nos jogos anteriores da série, o jogador controla Mario ou Luigi e derrota os inimigos pisoteando-os ou usando itens que concedem poderes mágicos. Os personagens também possuem novas habilidades, incluindo voo e deslizamento em ladeiras. Super Mario Bros. 3 apresenta muitos elementos que posteriormente se tornariam itens básicos da série Mario, como os filhos de Bowser (os Koopalings) e um overworld para a transição entre as fases.<br/><br/>Super Mario Bros. 3 é aclamado pela crítica como um dos melhores jogos de todos os tempos. É o terceiro jogo mais vendido do NES, com mais de 17 milhões de unidades vendidas em todo o mundo. Também inspirou uma série de desenho animado chamada The Adventures of Super Mario Bros. 3. Uma recriação foi lançada para Super NES como parte da coletânea Super Mario All-Stars em 1993 e para o Game Boy Advance como Super Mario Advance 4: Super Mario Bros. 3 em 2003. O jogo foi relançado para o serviço Virtual Console do Wii, Wii U e 3DS. Em 19 de setembro de 2018, o título foi relançado no serviço Nintendo Switch Online com jogo de rede adicional.', 1988, 'https://upload.wikimedia.org/wikipedia/pt/a/a5/Super_Mario_Bros._3_coverart.png', 'https://i.pinimg.com/originals/68/a7/95/68a7955a87f12213d9f7d6e954af043c.jpg', 'Na8rqq47gi0?si=T8DK06CYYo7hBxly');
INSERT INTO game(id, name, description, release_year, img_url, background_img_url, video_url) VALUES (2000, 'Sonic the Hedgehog 2', 'Sonic the Hedgehog 2 é um jogo eletrônico de plataforma desenvolvido pela Sega Technical Institute e publicado pela Sega para o Mega Drive. É o segundo jogo da série Sonic the Hedgehog para o referido console. Introduziu o amigo do protagonista, Miles "Tails" Prower, controlável por um segundo jogador. Na história, Sonic e Tails devem parar o antagonista da série, o Dr. Eggman, de roubar as Esmeraldas do Caos para alimentar sua estação espacial, o Death Egg.<br/><br/>O desenvolvimento começou em novembro de 1991. Sua equipe foi composta por japoneses e americanos, diferentemente do primeiro jogo da franquia, que foi produzida apenas por japoneses. O jogo foi dirigido por Masaharu Yoshii e produzido por Shinobu Toyoda. O design do jogo foi liderado por Hirokazu Yasuhara e a música foi composta por Masato Nakamura.<br/><br/>Sonic the Hedgehog 2 vendeu mais de seis milhões de cópias, tornando-se o segundo jogo mais vendido do Mega Drive, atrás apenas do primeiro jogo da franquia. É citado como um dos melhores jogos eletrônicos de todos os tempos, recebendo elogios por seu design de nível, visual e música, embora seu modo multijogador tenha sido criticado. Foi relançado em várias plataformas; uma versão remasterizada desenvolvida usando o Retro Engine foi lançada para iOS e Android em dezembro de 2013. Duas sequências diretas foram feitas: Sonic the Hedgehog 3 e Sonic & Knuckles, lançadas em 1994.', 1992, 'https://upload.wikimedia.org/wikipedia/pt/thumb/1/1c/Sonic_the_Hedgehog_2_capa.png/270px-Sonic_the_Hedgehog_2_capa.png', 'https://wallpapers.com/images/hd/sonic-2-pictures-ov4rud4irkwhurxe.jpg', 'oR2HjN_GEZ8?si=mSnuOnOIYMOxfA8g');
INSERT INTO game(id, name, description, release_year, img_url, background_img_url, video_url) VALUES (3000, 'Mario Kart 8', 'Mario Kart 8 é um jogo de corrida de karts desenvolvido e publicado pela Nintendo para o Wii U. É o décimo primeiro título da franquia Mario Kart, o oitavo da série principal (como o título sugere) e foi lançado em 30 de Maio de 2014. O jogo tem como principal novidade os circuitos antigravitacionais e pistas antigas dos jogos anteriores. Assim como os jogos anteriores, possui modos um jogador e multijogador local e online.<br/><br/>O jogo traz circuitos anti gravidade permitindo que os jogadores dirijam o veículo em paredes e tetos, novos personagens, pistas inéditas e conhecidas pelos fãs e novos modos de jogo. Alguns elementos de Mario Kart Wii e Mario Kart 7 foram reutilizados, como corridas com 12 pilotos, condução de baixo d''agua, motos e edição de componentes do veículo.<br/><br/>Mario Kart 8 foi um sucesso de crítica e comercial após seu lançamento. Os críticos deram críticas positivas, elogiando suas novas adições, faixas, gráficos, jogabilidade e trilha sonora orquestrada mas criticando seu modo batalha limitado. Atualmente é o jogo mais vendido do Wii U, com mais de oito milhões de cópias vendidas em todo o mundo. O jogo recebeu conteúdos para download e patches após o seu lançamento com a inclusão de mais personagens, faixas, veículos e o suporte para Amiibos. Uma relançamento intitulado de Mario Kart 8 Deluxe com todo o conteúdo adicional da versão de Wii U, incluindo todas pistas e personagens, foi anunciado em 13 de janeiro de 2017 para o console híbrido Nintendo Switch e lançado em abril do mesmo ano.<br/><br/>Ambos os lançamentos foram apontados pela crítica como os melhores jogos da série Mario Kart e foram indicados a vários prêmios. Mario Kart 8 é um dos jogos eletrônicos mais vendidos de todos os tempos, com mais de 70,43 milhões de unidades vendidas. É o jogo eletrônico mais vendido do Wii U com 8,46 milhões de unidades e do Nintendo Switch com 61,97 milhões de cópias.', 2014, 'https://upload.wikimedia.org/wikipedia/pt/0/0d/MarioKart8.jpg', 'https://images7.alphacoders.com/821/821837.jpg', 'YvQcinU2nzU?si=tjCzYASBnAwTAB9i');
INSERT INTO game(id, name, description, release_year, img_url, background_img_url, video_url) VALUES (4000, 'Halo Infinite', 'Halo Infinite é um jogo eletrônico de tiro em primeira pessoa desenvolvido pela 343 Industries e publicado pela Xbox Game Studios. Foi lançado em 8 de dezembro de 2021 para Microsoft Windows, Xbox One e Xbox Series X/S. É o sexto título principal da franquia Halo e continua a história de Master Chief como o terceiro capítulo da saga Reclaimer, seguindo Halo 5: Guardians. Diferente dos capítulos anteriores na série, a parte multijogador do jogo é gratuita para jogar.<br/><br/>Infinite foi planejado para ser lançado como o título de lançamento do Xbox Series X/S em 10 de novembro de 2020, mas foi adiado em agosto de 2020. A parte multijogador de Infinite esteve em beta aberto desde 15 de novembro de 2021, que foi para comemorar o 20º aniversário da franquia e o do Xbox.<br/><br/>De acordo com a Microsoft, Master Chief retorna em Halo Infinite com "sua maior aventura até agora para salvar a humanidade". O enredo de Halo Infinite será "muito mais humano", com o Master Chief desempenhando um papel mais central do que em Halo 5: Guardians. O trailer da E3 2018 indicou que a história se passará no anel Halo ("Zeta halo", ou Instalação 07), com Chief recebendo sua nova armadura MJOLNIR GEN3, com o design dela retornando ao visto em Halo 2 e Halo 3, bem como uma mistura com o design visto das armaduras em Halo Legends e Halo 4: Forward Unto Dawn. Os Banidos, um violento grupo de mercenários que se separou da antiga aliança alienígena Covenant, são mostrados como inimigos.', 2021, 'https://m.media-amazon.com/images/I/81YMKsZX8ZL._AC_UF894,1000_QL80_.jpg', 'https://c4.wallpaperflare.com/wallpaper/220/871/807/halo-infinite-master-chief-pelican-halo-hd-wallpaper-preview.jpg', 'GDq3kfayJF0?si=-ZBn6ytY15-6y5ks');
INSERT INTO game(id, name, description, release_year, img_url, background_img_url, video_url) VALUES (5000, 'God of War Ragnarok', 'God of War Ragnarök é um jogo eletrônico de ação-aventura desenvolvido pela Santa Monica Studio e publicado pela Sony Interactive Entertainment. Foi lançado em 9 de novembro de 2022 para PlayStation 4 e PlayStation 5. É o nono título da série God of War, o nono em ordem cronológica, e a sequência de God of War (2018). Vagamente baseado na mitologia nórdica, o jogo se passa na antiga Escandinávia e apresenta os protagonistas Kratos e seu filho Atreus. Servindo como o final da era nórdica da série, o jogo dá início ao Ragnarök, uma série de eventos que trazem o fim dos tempos e retrata a morte de alguns dos deuses nórdicos, que foi predito no jogo anterior após Kratos ter matado o deus Æsir Baldur.<br/><br/>A jogabilidade é semelhante ao título de 2018. Possui combate baseado em combos, bem como elementos de jogos de quebra-cabeça e RPG. A jogabilidade foi reformulada em relação ao jogo anterior: além das armas principais de Kratos, um machado de guerra mágico e suas lâminas duplas, ele também adquire uma lança mágica e seu escudo ficou mais versátil, com diferentes tipos de escudos que possuem distintas habilidades ofensivas e defensivas. Seu filho Atreus, assim como alguns outros personagens, auxiliam no combate e podem ser controlados passivamente. Além disso, e pela primeira vez na franquia, existem algumas missões de história em que o jogador assume o controle total de Atreus; sua jogabilidade é semelhante a de Kratos, mas ele usa seu arco mágico como arma. Também existem mais tipos de inimigos e mini-chefes do que no jogo anterior.<br/><br/>Originalmente programado para ser lançado em 2021, o jogo foi adiado em parte devido ao impacto da pandemia de COVID-19 no seu desenvolvimento e aos problemas de saúde do ator de Kratos, Christopher Judge, em agosto de 2019. Ragnarök foi aclamado pela crítica especializada, que concedeu elogios para sua narrativa, personagens, visuais, level design e melhorias gerais na jogabilidade em relação ao seu antecessor. O jogo foi um sucesso comercial, vendendo 5,1 milhões de unidades em seus primeiros cinco dias de lançamento, e tornando-se o jogo original mais rapidamente vendido da história do PlayStation. Em três meses, o jogo havia vendido mais de 11 milhões de cópias. Foi indicado a diversos prêmios, incluindo na categoria de Jogo do Ano no The Game Awards 2022.', 2022, 'https://i.pinimg.com/originals/ec/f4/04/ecf404c4cded91e164f3133c64d74e77.jpg', 'https://wallpapercg.com/media/ts_orig/8636.webp', '6fNUO23I_BA?si=rM-NI9E_nM1GX_aK');
INSERT INTO game(id, name, description, release_year, img_url, background_img_url, video_url) VALUES (6000, 'Baldur''s Gate III', 'Baldur''s Gate III é um jogo eletrônico de RPG desenvolvido e publicado pela Larian Studios. É o terceiro jogo principal da série Baldur''s Gate, que é baseada no sistema de RPG de mesa Dungeons & Dragons, dentro do cenário de Forgotten Realms. Parte do jogo foi lançada em acesso antecipado para Windows, macOS e Stadia em 6 de outubro de 2020. O jogo permaneceu em acesso antecipado até seu lançamento completo para Windows em 3 de agosto de 2023. Versões para PlayStation 5 e macOS foram lançadas em 6 de setembro de 2023 e para Xbox Series X/S em 8 de dezembro de 2023.<br/><br/>Baldur''s Gate III foi aclamado pela crítica, com elogios à jogabilidade, à narrativa, à quantidade de conteúdo e às possibilidades de escolha do jogador.<br/><br/>Baldur''s Gate III é um jogo eletrônico de RPG com elementos para um jogador e multijogador. Jogadores podem criar um ou mais personagens e formar um grupo ao lado de uma variedade de personagens já criados para explorar o enredo do jogo. Além disso, jogadores podem escolher um de seus personagens para se juntar a outros jogadores online e formar um grupo. O combate do jogo é baseado por turnos, bem como Divinity: Original Sin e Divinity: Original Sin II, também desenvolvidos pela Larian Studios. Suas regras seguem a quinta edição de Dungeons & Dragons.<br/><br/>O jogo se passa mais de 120 anos depois dos eventos de Baldur''s Gate II: Shadows of Amn e meses depois dos eventos de Baldur''s Gate: Descent into Avernus. Ele inclui um enredo com ramificações onde os elementos principais da história são mantidos independentemente das escolhas do jogador, mas com variação considerável quanto a seus detalhes, em especial em relação às diversas missões secundárias. No início do jogo, o jogador pode criar um personagem original sem uma história definida, escolher um entre seis "personagens de origem" pré-criados ou um sétimo "personagem de origem" customizável. Cada um dos possíveis personagens jogáveis possui missões únicas em relação aos outros e a certos caminhos, mas sua jogabilidade é similar.', 2023, 'https://upload.wikimedia.org/wikipedia/pt/1/18/Baldur%27s_Gate_III_Larian_Studios_key_art.png', 'https://images5.alphacoders.com/132/1325553.jpg', '8RA7dtrSsI0?si=KwE-MNvX7X65FsCL');
INSERT INTO game(id, name, description, release_year, img_url, background_img_url, video_url) VALUES (7000, 'Stardew Valley', 'Stardew Valley é um videogame RPG de simulação desenvolvido por Eric "ConcernedApe" Barone. Os jogadores assumem o papel de um personagem que herda a fazenda dilapidada de seu falecido avô em um lugar conhecido como Stardew Valley. O jogo foi lançado para Windows em fevereiro de 2016 antes de ser portado para outras plataformas. Stardew Valley é aberto, permitindo aos jogadores cultivar, criar gado, pescar, cozinhar, minerar, forragear e socializar com os habitantes da cidade, incluindo a capacidade de casar e ter filhos. Ele permite que até quatro jogadores joguem online juntos.<br/><br/>Barone desenvolveu Stardew Valley sozinho ao longo de quatro anos e meio. Ele foi fortemente inspirado pela série Story of Seasons, com acréscimos para resolver algumas das deficiências desses jogos. Ele usou isso como um exercício para melhorar suas próprias habilidades de programação e design de jogos. O estúdio britânico Chucklefish abordou Barone no meio do desenvolvimento com a oferta de publicar o jogo, permitindo que ele se concentrasse mais em completá-lo.<br/><br/>Stardew Valley foi citado como um dos maiores videogames de todos os tempos, com elogios direcionados à sua música, personagens e qualidades relaxantes. Yasuhiro Wada, o criador de Story of Seasons, também elogiou o jogo por reter a liberdade que entradas posteriores de sua série haviam perdido. O jogo foi um sucesso comercial, vendendo mais de 20 milhões de cópias até 2022.', 2016, 'https://assets.altarofgaming.com/wp-content/uploads/2022/03/stardew-valley-poster-altar-of-gaming-727x1024.jpg', 'https://images4.alphacoders.com/782/thumb-1920-782781.png', 'NjvFF2Kvx1U?si=h4v6VbydYAQ5Q4jX');
INSERT INTO game(id, name, description, release_year, img_url, background_img_url, video_url) VALUES (8000, 'Call of Duty: Warzone', 'Call of Duty: Warzone é um jogo eletrônico free-to-play do gênero battle royale desenvolvido pela Infinity Ward e Raven Software e publicado pela Activision. Lançado em 10 de março de 2020 para Microsoft Windows, PlayStation 4 e Xbox One, o jogo faz parte do título Call of Duty: Modern Warfare (2019), mas não requer compra. Warzone permite um combate em um modo multijogador on-line entre 150 jogadores na cidade fictícia de Verdansk, que é vagamente baseada na cidade de Donetsk, no leste da Ucrânia. Ele apresenta uma progressão de plataforma-cruzada entre os dois jogos.<br/><br/>Warzone foi lançado gratuitamente como parte do jogo Call of Duty: Modern Warfare, de 2019, em 10 de março de 2020, após uma série de glitches e vazamentos no mês anterior. A existência do jogo vazou um mês antes por uma postagem no Reddit, e um glitch de software no mesmo mês permitiu brevemente que os jogadores visualizassem uma versão anterior do mapa de batalha. Em 8 de março de 2020, dois dias antes do lançamento, o streamer Chaos, do YouTube, publicou um vídeo de 11 minutos alegando apresentar uma gameplay de Warzone. O vídeo foi removido e, em 9 de março, a Activision, anunciou oficialmente que o jogo seria lançado em 10 de março.<br/><br/>Em 11 de março de 2020, a Activision anunciou que Warzone havia sido baixado por seis milhões de pessoas nas primeiras 24 horas. Após quatro dias, foi revelado que Warzone havia sido baixado por mais de 15 milhões de pessoas. Em 10 de abril de 2020, a Activision anunciou que Warzone havia ultrapassado mais de 50 milhões de downloads em seu primeiro mês.', 2020, 'https://m.media-amazon.com/images/M/MV5BZWYxY2VmN2ItNjNlNi00ZmM0LWEwMjEtMTE1NGQxMGVhMWQxXkEyXkFqcGdeQXVyMTk2OTAzNTI@._V1_.jpg', 'https://images.alphacoders.com/118/1188015.jpg', 'KlCzROTAos4?si=14897sRnFqjo7lPf');
INSERT INTO game(id, name, description, release_year, img_url, background_img_url, video_url) VALUES (9000, 'The Legend of Zelda: BOTW', 'The Legend of Zelda: Breath of the Wild é um jogo eletrônico de ação-aventura desenvolvido pela Nintendo Entertainment Planning & Development e publicado pela Nintendo. É o décimo nono título da série The Legend of Zelda e foi lançado mundialmente para Wii U e Nintendo Switch em 3 de março de 2017. A história segue Link, que acorda em uma Hyrule devastada após cem anos de sono e precisa recuperar suas memórias e derrotar o mal causado por Calamity Ganon. A jogabilidade é apresentada em um mundo aberto e os jogadores podem explorá-lo livremente, completando diferentes tipos de missões e resolvendo quebra-cabeças para a obtenção de recompensas.<br/><br/>O desenvolvimento de Breath of the Wild começou pouco depois da estreia de The Legend of Zelda: Skyward Sword e durou cinco anos. A equipe tinha a intenção de reinventar a estrutura da série, assim introduziram elementos inéditos como um motor de física detalhado, visuais em alta definição e dublagem. O mundo de jogo foi projetado para recompensar exploração e experimentação, com a história sendo pensada para poder ser completada de forma não-linear. Breath of the Wild originalmente tinha previsão de lançamento para 2015 como um exclusivo de Wii U, porém foi adiado duas vezes por problemas de desenvolvimento. Ele acabou servindo como um dos títulos de lançamento do Switch e o último jogo publicado pela Nintendo para o Wii U.<br/><br/>Breath of the Wild foi aclamado pela crítica ao ser lançado, sendo elogiado pela profundidade de sua jogabilidade de mundo aberto e atenção aos detalhes, com diversas publicações especializadas o considerando como um dos melhores jogos eletrônicos de todos os tempos, com as únicas críticas sendo direcionada para pequenos problemas técnicos na época da estreia. Dois conteúdos para download intitulados The Master Trials e The Champions'' Ballad foram lançados alguns meses depois, adicionando novos modos de jogo, itens, quebra-cabeças, desafios e elementos de história. Breath of the Wild venceu vários prêmios, incluindo muitos de jogo do ano. Além disso, foi um grande sucesso comercial, com mais de vinte milhões de cópias vendidas mundialmente.', 2017, 'https://upload.wikimedia.org/wikipedia/pt/0/0f/Legend_of_Zelda_Breath_of_the_Wild_capa.png', 'https://zelda.nintendo.com/breath-of-the-wild/assets/media/wallpapers/desktop-1.jpg', '_Vy7JvRJ_QU?si=wAxyTevie6JsjQ4L');
INSERT INTO game(id, name, description, release_year, img_url, background_img_url, video_url) VALUES (10000, 'Horizon Chase Turbo', 'Horizon Chase, também chamado de Horizon Chase - World Tour, é um jogo eletrônico de corrida estilo arcade lançado em agosto de 2015 pela desenvolvedora brasileira de games Aquiris Game Studio para iOS e Android. Meses antes de chegar ao mercado (março de 2015), a Aquiris Game Studio disponibilizou a versão demo do jogo com o nome Retro Racers.<br/><br/>O jogo é conhecido por ter sido inspirado no clássico game dos anos 90, Top Gear. Para reforçar ainda mais sua "inspiração", os desenvolvedores convidaram o autor da trilha-sonora do Top Gear, o britânico Barry Leitch para ser compositor da trilha-sonora de Horizon Chase.<br/><br/>Em maio de 2018, o game foi portado para o PS4 e para PCs com o título de Horizon Chase Turbo. E que Depois chegaria para Nintendo Switch e Xbox One.<br/><br/>Desenvolvido em 3D, o game tem uma estética retrô única inspirada em títulos 2D da era 16 bits. Sua trilha sonora foi chamada de "Sega-core", em referência aos clássicos jogos de corrida do editor.<br/><br/>Em Horizon Chase, o player é desafiado a completar corridas em pistas situadas em todo o mundo. A adrenalina aumenta na forma de captadores de combustível que precisam ser obtidos para completar a corrida, assim como fichas que desbloqueiam novas pistas e o uso de impulsos de nitro para acelerar o carro do jogador. O jogador começa todas as corridas na parte de trás do pelotão e é obrigado a passar seus oponentes para ganhar. Existem também diferentes efeitos climáticos e tipos de pistas que afetam o manuseio.', 2015, 'https://m.media-amazon.com/images/M/MV5BNmYyMmZmNDktMzM0Zi00MTI2LTgzM2ItN2UyYTNhNGQxZDk3XkEyXkFqcGdeQXVyMTA0MTM5NjI2._V1_FMjpg_UX1000_.jpg', 'https://e.snmc.io/lk/lv/x/37d2f33872d516039789d19e2cba2a6f/7676596', 'BZtck_VaLHY?si=Uu1JAoTvbLPFzJmI');
INSERT INTO game(id, name, description, release_year, img_url, background_img_url, video_url) VALUES (11000, 'The Witcher 3: Wild Hunt', 'The Witcher 3: Wild Hunt (em polonês: Wiedźmin 3: Dziki Gon) é um jogo eletrônico de RPG de ação em mundo aberto desenvolvido pela CD Projekt RED e lançado no dia 19 de maio de 2015 para as plataformas Microsoft Windows, PlayStation 4, Xbox One e em outubro de 2019 para o Nintendo Switch, sendo o terceiro título da série de jogos The Witcher. Ele sucede The Witcher (2007) e The Witcher 2: Assassins of Kings (2011), que foram baseados na série de livros de fantasia Wiedźmin, do escritor polonês Andrzej Sapkowski.<br/><br/>Ambientado em um gigantesco cenário medieval que dá liberdade total ao jogador, o game, que possui uma jogabilidade não linear e é jogado através de uma perspectiva em terceira pessoa, tem o lendário bruxo Geralt de Rívia como seu protagonista, o qual inicia uma longa jornada pelos Reinos do Norte. Enquanto a ordem planetária enfrenta uma grande mudança, com o misterioso e macabro exército de cavaleiros vermelhos conhecido como a "Caçada Selvagem" deixando somente sangue e ruína por onde passa, o jogador terá de enfrentar diversos perigos, usando espadas e magia num mundo em crise, à medida que interage com outros personagens e completa missões para o progresso da história, podendo viajar a pé, a barco, ou montado em Carpeado, o cavalo inseparável de Geralt.<br/><br/>The Witcher 3: Wild Hunt foi amplamente aclamado pela crítica, com alguns considerando-no como um dos melhores jogos de todos os tempos. Sua consagração veio na noite de 3 de dezembro de 2015, quando foi galardoado com o grande prêmio de Jogo do Ano na cerimônia de condecoração The Game Awards, considerada a mais importante e prestigiada do ramo dos videogames. The Witcher 3: Wild Hunt é um dos jogos mais premiados da história, com 257 prêmios de múltiplas publicações e eventos recebidos apenas na categoria de melhor jogo. Também foi um sucesso financeiro, tendo vendido cerca de 50 milhões de cópias ao redor do mundo, tornando-se um dos jogos mais vendidos de todos os tempos. Dois pacotes de expansão, intitulados Hearts of Stone e Blood and Wine, ainda foram lançados para o jogo, com ambos recebendo igualmente aclamação geral da crítica especializada.', 2015, 'https://image.api.playstation.com/vulcan/ap/rnd/202211/0714/ojKZ7l0T2M5egR9YHIjVhI0R.png', 'https://static.cdprojektred.com/cms.cdprojektred.com/8bee634fb6d35dab951469b6b84e28d891d7f57a.png', 'xx8kQ4s5hCY?si=77gu4aeN3zrnbi1P');
INSERT INTO game(id, name, description, release_year, img_url, background_img_url, video_url) VALUES (12000, 'Euro Truck Simulator 2', 'Euro Truck Simulator 2 é um jogo de simulação de caminhões desenvolvido, e publicado pela SCS Software para Microsoft Windows, Linux e recentemente para OSX (Mac). Foi inicialmente lançado como um jogo de desenvolvimento aberto em 19 de outubro de 2012. O jogo é uma sequência direta ao jogo Euro Truck Simulator (2008) sendo o segundo jogo da série (Euro Truck Simulator). O jogador pode dirigir vários caminhões através de um mapa que representa a Europa e suas estradas, pegando cargas de vários locais e realizando entregas. Conforme o jogo avança, o jogador pode comprar caminhões, garagens, semirreboques e contratar motoristas para trabalhar na empresa criada pelo jogador.<br/><br/>No início do jogo, o jogador terá que preencher os seus dados e escolher inicialmente entre um número limitado de opções o seu caminhão favorito. Depois, terá de escolher uma cidade para iniciar a trabalhar e escolher em qual companhia deseja iniciar a rotina atrás do volante. O jogo apresenta 77 cidades em treze países diferentes, mais de vinte tipos diferentes de carga e mais de quinze empresas europeias ficcionais. As cargas são rápidas com o caminhão que escolheu como favorito. Estes trabalhos rápidos são entregas feitas por caminhões fornecidos pela empresa, o que é conhecido como Quick job.<br/><br/>Quando o jogo começa, o jogador inicia na condição de um caminhoneiro transportador (trabalhador contratado) por uma empresa de entregas, com um caminhão fornecido e todas as despesas (combustível, travessias de balsas, pedágios, reparo do caminhão em caso de eventuais colisões, multas) cobertas.', 2012, 'https://notadogame.com/uploads/game/cover/250x/5bfdc3c22400a.jpg', 'https://cdn.cloudflare.steamstatic.com/steam/apps/227300/capsule_616x353.jpg?t=1715926472', 'b54Kk5vvxfw?si=rj4M88Io8hzgVw45');

INSERT INTO game_genre(game_id, genre_id) VALUES (1000, 1);
INSERT INTO game_genre(game_id, genre_id) VALUES (2000, 1);
INSERT INTO game_genre(game_id, genre_id) VALUES (3000, 2);
INSERT INTO game_genre(game_id, genre_id) VALUES (4000, 3);
INSERT INTO game_genre(game_id, genre_id) VALUES (5000, 4);
INSERT INTO game_genre(game_id, genre_id) VALUES (6000, 5);
INSERT INTO game_genre(game_id, genre_id) VALUES (7000, 6);
INSERT INTO game_genre(game_id, genre_id) VALUES (8000, 3);
INSERT INTO game_genre(game_id, genre_id) VALUES (9000, 4);
INSERT INTO game_genre(game_id, genre_id) VALUES (10000, 2);
INSERT INTO game_genre(game_id, genre_id) VALUES (11000, 5);
INSERT INTO game_genre(game_id, genre_id) VALUES (12000, 6);

INSERT INTO game_platform(game_id, platform_id) VALUES (1000, 1);
INSERT INTO game_platform(game_id, platform_id) VALUES (1000, 2);
INSERT INTO game_platform(game_id, platform_id) VALUES (2000, 3);
INSERT INTO game_platform(game_id, platform_id) VALUES (3000, 4);
INSERT INTO game_platform(game_id, platform_id) VALUES (3000, 5);
INSERT INTO game_platform(game_id, platform_id) VALUES (4000, 6);
INSERT INTO game_platform(game_id, platform_id) VALUES (4000, 7);
INSERT INTO game_platform(game_id, platform_id) VALUES (4000, 8);
INSERT INTO game_platform(game_id, platform_id) VALUES (5000, 9);
INSERT INTO game_platform(game_id, platform_id) VALUES (5000, 10);
INSERT INTO game_platform(game_id, platform_id) VALUES (6000, 6);
INSERT INTO game_platform(game_id, platform_id) VALUES (6000, 10);
INSERT INTO game_platform(game_id, platform_id) VALUES (6000, 8);
INSERT INTO game_platform(game_id, platform_id) VALUES (7000, 5);
INSERT INTO game_platform(game_id, platform_id) VALUES (7000, 6);
INSERT INTO game_platform(game_id, platform_id) VALUES (7000, 7);
INSERT INTO game_platform(game_id, platform_id) VALUES (7000, 8);
INSERT INTO game_platform(game_id, platform_id) VALUES (7000, 9);
INSERT INTO game_platform(game_id, platform_id) VALUES (7000, 10);
INSERT INTO game_platform(game_id, platform_id) VALUES (7000, 11);
INSERT INTO game_platform(game_id, platform_id) VALUES (8000, 6);
INSERT INTO game_platform(game_id, platform_id) VALUES (8000, 7);
INSERT INTO game_platform(game_id, platform_id) VALUES (8000, 8);
INSERT INTO game_platform(game_id, platform_id) VALUES (8000, 9);
INSERT INTO game_platform(game_id, platform_id) VALUES (8000, 10);
INSERT INTO game_platform(game_id, platform_id) VALUES (9000, 5);
INSERT INTO game_platform(game_id, platform_id) VALUES (10000, 5);
INSERT INTO game_platform(game_id, platform_id) VALUES (10000, 6);
INSERT INTO game_platform(game_id, platform_id) VALUES (10000, 7);
INSERT INTO game_platform(game_id, platform_id) VALUES (10000, 8);
INSERT INTO game_platform(game_id, platform_id) VALUES (10000, 9);
INSERT INTO game_platform(game_id, platform_id) VALUES (10000, 10);
INSERT INTO game_platform(game_id, platform_id) VALUES (10000, 11);
INSERT INTO game_platform(game_id, platform_id) VALUES (11000, 5);
INSERT INTO game_platform(game_id, platform_id) VALUES (11000, 6);
INSERT INTO game_platform(game_id, platform_id) VALUES (11000, 7);
INSERT INTO game_platform(game_id, platform_id) VALUES (11000, 8);
INSERT INTO game_platform(game_id, platform_id) VALUES (11000, 9);
INSERT INTO game_platform(game_id, platform_id) VALUES (11000, 10);
INSERT INTO game_platform(game_id, platform_id) VALUES (12000, 6);